Workbook

Sheet 银行流水
A1: 交易日期 | B1: 摘要 | C1: 交易金额 | D1: 对方户名
A2: 46082 | B2: 支付货款-采购A | C2: -50000 | D2: 宏达科技 | E2: =ABS(C2) & D2 -> 50000宏达科技 | F2: =INDEX(凭证信息!$A$2:$A$7, MATCH(E2, 凭证信息!$G$2:$G$7, 0)) -> 记-101 | G2: =LEN(E2) -> 9
A3: 46083 | B3: 收到货款-销售B | C3: 120000 | D3: 华贸电子 | E3: =ABS(C3) & D3 -> 120000华贸电子 | F3: =INDEX(凭证信息!$A$2:$A$7, MATCH(E3, 凭证信息!$G$2:$G$7, 0)) -> 记-102 | H3: =EXACT(E2,[1]Sheet2!G2) -> #REF!
A4: 46084 | B4: 支付房租 | C4: -15000 | D4: 兴业物业 | E4: =ABS(C4) & D4 -> 15000兴业物业 | F4: =INDEX(凭证信息!$A$2:$A$7, MATCH(E4, 凭证信息!$G$2:$G$7, 0)) -> 记-103
A5: 46085 | B5: 支付工资 | C5: -25000 | D5: 无 | E5: =ABS(C5) & D5 -> 25000无 | F5: =INDEX(凭证信息!$A$2:$A$7, MATCH(E5, 凭证信息!$G$2:$G$7, 0)) -> #N/A
A6: 46086 | B6: 收到货款-销售C | C6: 80000 | D6: 联强实业 | E6: =ABS(C6) & D6 -> 80000联强实业 | F6: =INDEX(凭证信息!$A$2:$A$7, MATCH(E6, 凭证信息!$G$2:$G$7, 0)) -> 记-104
A7: 46087 | B7: 支付社保 | C7: -8500 | D7: 社保局 | E7: =ABS(C7) & D7 -> 8500社保局 | F7: =INDEX(凭证信息!$A$2:$A$7, MATCH(E7, 凭证信息!$G$2:$G$7, 0)) -> #N/A
A8: 46088 | B8: 支付货款-采购D | C8: -30000 | D8: 宏达科技 | E8: =ABS(C8) & D8 -> 30000宏达科技 | F8: =INDEX(凭证信息!$A$2:$A$7, MATCH(E8, 凭证信息!$G$2:$G$7, 0)) -> 记-105
A9: 46089 | B9: 银行手续费 | C9: -500 | D9: 银行 | E9: =ABS(C9) & D9 -> 500银行 | F9: =INDEX(凭证信息!$A$2:$A$7, MATCH(E9, 凭证信息!$G$2:$G$7, 0)) -> 记-106

Sheet 凭证信息
A1: 凭证号 | B1: 业务日期 | C1: 摘要 | D1: 借方金额 | E1: 贷方金额 | F1: 对方户名
A2: 记-101 | B2: 46082 | C2: 采购A材料 | D2: 50000 | F2: 宏达科技 | G2: =IF(D2<>"", D2 & F2, E2 & F2) -> 50000宏达科技
A3: 记-102 | B3: 46083 | C3: 销售B产品 | E3: 120000 | F3: 华贸电子 | G3: =IF(D3<>"", D3 & F3, E3 & F3) -> 120000华贸电子 | J3: =LEN(G2) -> 9
A4: 记-103 | B4: 46084 | C4: 支付房租 | D4: 15000 | F4: 兴业物业 | G4: =IF(D4<>"", D4 & F4, E4 & F4) -> 15000兴业物业
A5: 记-104 | B5: 46086 | C5: 销售C产品 | E5: 80000 | F5: 联强实业 | G5: =IF(D5<>"", D5 & F5, E5 & F5) -> 80000联强实业
A6: 记-105 | B6: 46088 | C6: 采购D材料 | D6: 30000 | F6: 宏达科技 | G6: =IF(D6<>"", D6 & F6, E6 & F6) -> 30000宏达科技
A7: 记-106 | B7: 46089 | C7: 银行手续费 | D7: 500 | F7: 银行 | G7: =IF(D7<>"", D7 & F7, E7 & F7) -> 500银行
